<?xml version="1.0" encoding="UTF-8"?>
<export version="E">
  <design>
    <source>/home/jaime/kicad/RECOLOCADOR-KICAD/RECOLOCADOR-DUAL-ESP32/ESP32x1-GO/ESP32x1-GO/DUAL-ESP32-RELOCATOR-ATLAS.kicad_sch</source>
    <date>mar 11 abr 2023 10:23:34</date>
    <tool>Eeschema 6.0.2+dfsg-1</tool>
    <sheet number="1" name="/" tstamps="/">
      <title_block>
        <title/>
        <company/>
        <rev/>
        <date>mar. 31 mars 2015</date>
        <source>DUAL-ESP32-RELOCATOR-ATLAS.kicad_sch</source>
        <comment number="1" value=""/>
        <comment number="2" value=""/>
        <comment number="3" value=""/>
        <comment number="4" value=""/>
        <comment number="5" value=""/>
        <comment number="6" value=""/>
        <comment number="7" value=""/>
        <comment number="8" value=""/>
        <comment number="9" value=""/>
      </title_block>
    </sheet>
  </design>
  <components>
    <comp ref="J6">
      <value>Conn_01x15_Female</value>
      <footprint>Connector_PinHeader_2.54mm:PinHeader_1x15_P2.54mm_Vertical</footprint>
      <libsource lib="Connector" part="Conn_01x15_Female" description="Generic connector, single row, 01x15, script generated (kicad-library-utils/schlib/autogen/connector/)"/>
      <property name="Sheetname" value=""/>
      <property name="Sheetfile" value="DUAL-ESP32-RELOCATOR-ATLAS.kicad_sch"/>
      <sheetpath names="/" tstamps="/"/>
      <tstamps>c3ed480d-f308-418c-9917-cb0a2179080a</tstamps>
    </comp>
    <comp ref="J7">
      <value>Conn_01x15_Female</value>
      <footprint>Connector_PinHeader_2.54mm:PinHeader_1x15_P2.54mm_Vertical</footprint>
      <libsource lib="Connector" part="Conn_01x15_Female" description="Generic connector, single row, 01x15, script generated (kicad-library-utils/schlib/autogen/connector/)"/>
      <property name="Sheetname" value=""/>
      <property name="Sheetfile" value="DUAL-ESP32-RELOCATOR-ATLAS.kicad_sch"/>
      <sheetpath names="/" tstamps="/"/>
      <tstamps>89f76720-ceac-4b56-8ce6-a2a9deb12a4a</tstamps>
    </comp>
    <comp ref="J11">
      <value>Conn_01x02_Male</value>
      <footprint>Connector_PinHeader_2.54mm:PinHeader_1x02_P2.54mm_Vertical</footprint>
      <libsource lib="Connector" part="Conn_01x02_Male" description="Generic connector, single row, 01x02, script generated (kicad-library-utils/schlib/autogen/connector/)"/>
      <property name="Sheetname" value=""/>
      <property name="Sheetfile" value="DUAL-ESP32-RELOCATOR-ATLAS.kicad_sch"/>
      <sheetpath names="/" tstamps="/"/>
      <tstamps>1f23504e-2288-4345-98b8-12fa033fd3a8</tstamps>
    </comp>
    <comp ref="J12">
      <value>Conn_01x02_Male</value>
      <footprint>Connector_PinHeader_2.54mm:PinHeader_1x02_P2.54mm_Vertical</footprint>
      <libsource lib="Connector" part="Conn_01x02_Male" description="Generic connector, single row, 01x02, script generated (kicad-library-utils/schlib/autogen/connector/)"/>
      <property name="Sheetname" value=""/>
      <property name="Sheetfile" value="DUAL-ESP32-RELOCATOR-ATLAS.kicad_sch"/>
      <sheetpath names="/" tstamps="/"/>
      <tstamps>5f1624db-1d29-4b59-a254-8c66d11dedba</tstamps>
    </comp>
    <comp ref="P8">
      <value>CONN_01X01</value>
      <footprint>Socket_Arduino_Mega:Arduino_1pin</footprint>
      <libsource lib="Connector_Generic" part="Conn_01x01" description="Generic connector, single row, 01x01, script generated (kicad-library-utils/schlib/autogen/connector/)"/>
      <property name="Sheetname" value=""/>
      <property name="Sheetfile" value="DUAL-ESP32-RELOCATOR-ATLAS.kicad_sch"/>
      <sheetpath names="/" tstamps="/"/>
      <tstamps>00000000-0000-0000-0000-000056d70b71</tstamps>
    </comp>
    <comp ref="P9">
      <value>CONN_01X01</value>
      <footprint>Socket_Arduino_Mega:Arduino_1pin</footprint>
      <libsource lib="Connector_Generic" part="Conn_01x01" description="Generic connector, single row, 01x01, script generated (kicad-library-utils/schlib/autogen/connector/)"/>
      <property name="Sheetname" value=""/>
      <property name="Sheetfile" value="DUAL-ESP32-RELOCATOR-ATLAS.kicad_sch"/>
      <sheetpath names="/" tstamps="/"/>
      <tstamps>00000000-0000-0000-0000-000056d70c9b</tstamps>
    </comp>
    <comp ref="P10">
      <value>CONN_01X01</value>
      <footprint>Socket_Arduino_Mega:Arduino_1pin</footprint>
      <libsource lib="Connector_Generic" part="Conn_01x01" description="Generic connector, single row, 01x01, script generated (kicad-library-utils/schlib/autogen/connector/)"/>
      <property name="Sheetname" value=""/>
      <property name="Sheetfile" value="DUAL-ESP32-RELOCATOR-ATLAS.kicad_sch"/>
      <sheetpath names="/" tstamps="/"/>
      <tstamps>00000000-0000-0000-0000-000056d70ce6</tstamps>
    </comp>
    <comp ref="P11">
      <value>CONN_01X01</value>
      <footprint>Socket_Arduino_Mega:Arduino_1pin</footprint>
      <libsource lib="Connector_Generic" part="Conn_01x01" description="Generic connector, single row, 01x01, script generated (kicad-library-utils/schlib/autogen/connector/)"/>
      <property name="Sheetname" value=""/>
      <property name="Sheetfile" value="DUAL-ESP32-RELOCATOR-ATLAS.kicad_sch"/>
      <sheetpath names="/" tstamps="/"/>
      <tstamps>00000000-0000-0000-0000-000056d70d2c</tstamps>
    </comp>
    <comp ref="P12">
      <value>CONN_01X01</value>
      <footprint>Socket_Arduino_Mega:Arduino_1pin</footprint>
      <libsource lib="Connector_Generic" part="Conn_01x01" description="Generic connector, single row, 01x01, script generated (kicad-library-utils/schlib/autogen/connector/)"/>
      <property name="Sheetname" value=""/>
      <property name="Sheetfile" value="DUAL-ESP32-RELOCATOR-ATLAS.kicad_sch"/>
      <sheetpath names="/" tstamps="/"/>
      <tstamps>00000000-0000-0000-0000-000056d711a2</tstamps>
    </comp>
    <comp ref="P13">
      <value>CONN_01X01</value>
      <footprint>Socket_Arduino_Mega:Arduino_1pin</footprint>
      <libsource lib="Connector_Generic" part="Conn_01x01" description="Generic connector, single row, 01x01, script generated (kicad-library-utils/schlib/autogen/connector/)"/>
      <property name="Sheetname" value=""/>
      <property name="Sheetfile" value="DUAL-ESP32-RELOCATOR-ATLAS.kicad_sch"/>
      <sheetpath names="/" tstamps="/"/>
      <tstamps>00000000-0000-0000-0000-000056d711f0</tstamps>
    </comp>
    <comp ref="TP1">
      <value>TestPoint_Flag</value>
      <footprint>TestPoint:TestPoint_Loop_D2.54mm_Drill1.5mm_Beaded</footprint>
      <libsource lib="Connector" part="TestPoint_Flag" description="test point (alternative flag-style design)"/>
      <property name="Sheetname" value=""/>
      <property name="Sheetfile" value="DUAL-ESP32-RELOCATOR-ATLAS.kicad_sch"/>
      <sheetpath names="/" tstamps="/"/>
      <tstamps>7f9e51a0-96c7-42f3-862d-763abf3be3a6</tstamps>
    </comp>
    <comp ref="TP2">
      <value>TestPoint_Flag</value>
      <footprint>TestPoint:TestPoint_Loop_D2.54mm_Drill1.5mm_Beaded</footprint>
      <libsource lib="Connector" part="TestPoint_Flag" description="test point (alternative flag-style design)"/>
      <property name="Sheetname" value=""/>
      <property name="Sheetfile" value="DUAL-ESP32-RELOCATOR-ATLAS.kicad_sch"/>
      <sheetpath names="/" tstamps="/"/>
      <tstamps>bc6837e9-d1d6-49d3-a6ea-98c22b7b578a</tstamps>
    </comp>
    <comp ref="TP3">
      <value>TestPoint_Flag</value>
      <footprint>TestPoint:TestPoint_Loop_D2.54mm_Drill1.5mm_Beaded</footprint>
      <libsource lib="Connector" part="TestPoint_Flag" description="test point (alternative flag-style design)"/>
      <property name="Sheetname" value=""/>
      <property name="Sheetfile" value="DUAL-ESP32-RELOCATOR-ATLAS.kicad_sch"/>
      <sheetpath names="/" tstamps="/"/>
      <tstamps>9f874d27-fdc7-4fdc-82e6-880451531b55</tstamps>
    </comp>
    <comp ref="TP4">
      <value>TestPoint_Flag</value>
      <footprint>TestPoint:TestPoint_Loop_D2.54mm_Drill1.5mm_Beaded</footprint>
      <libsource lib="Connector" part="TestPoint_Flag" description="test point (alternative flag-style design)"/>
      <property name="Sheetname" value=""/>
      <property name="Sheetfile" value="DUAL-ESP32-RELOCATOR-ATLAS.kicad_sch"/>
      <sheetpath names="/" tstamps="/"/>
      <tstamps>ffb6d6d1-d1db-4f44-a62f-621b2f1bde8f</tstamps>
    </comp>
    <comp ref="TP5">
      <value>TestPoint_Flag</value>
      <footprint>TestPoint:TestPoint_Loop_D2.54mm_Drill1.5mm_Beaded</footprint>
      <libsource lib="Connector" part="TestPoint_Flag" description="test point (alternative flag-style design)"/>
      <property name="Sheetname" value=""/>
      <property name="Sheetfile" value="DUAL-ESP32-RELOCATOR-ATLAS.kicad_sch"/>
      <sheetpath names="/" tstamps="/"/>
      <tstamps>40359053-4ed2-4e5d-b44c-e327fef8608f</tstamps>
    </comp>
    <comp ref="TP6">
      <value>TestPoint_Flag</value>
      <footprint>TestPoint:TestPoint_Loop_D2.54mm_Drill1.5mm_Beaded</footprint>
      <libsource lib="Connector" part="TestPoint_Flag" description="test point (alternative flag-style design)"/>
      <property name="Sheetname" value=""/>
      <property name="Sheetfile" value="DUAL-ESP32-RELOCATOR-ATLAS.kicad_sch"/>
      <sheetpath names="/" tstamps="/"/>
      <tstamps>977a5395-65f8-4bae-8f87-f24f29574bd2</tstamps>
    </comp>
    <comp ref="TP7">
      <value>TestPoint_Flag</value>
      <footprint>TestPoint:TestPoint_Loop_D2.54mm_Drill1.5mm_Beaded</footprint>
      <libsource lib="Connector" part="TestPoint_Flag" description="test point (alternative flag-style design)"/>
      <property name="Sheetname" value=""/>
      <property name="Sheetfile" value="DUAL-ESP32-RELOCATOR-ATLAS.kicad_sch"/>
      <sheetpath names="/" tstamps="/"/>
      <tstamps>0eae2b21-5cb9-47f2-a1bd-ef103209ad85</tstamps>
    </comp>
    <comp ref="TP8">
      <value>TestPoint_Flag</value>
      <footprint>TestPoint:TestPoint_Loop_D2.54mm_Drill1.5mm_Beaded</footprint>
      <libsource lib="Connector" part="TestPoint_Flag" description="test point (alternative flag-style design)"/>
      <property name="Sheetname" value=""/>
      <property name="Sheetfile" value="DUAL-ESP32-RELOCATOR-ATLAS.kicad_sch"/>
      <sheetpath names="/" tstamps="/"/>
      <tstamps>b8fb93ea-2db8-480f-be66-147bc115ae05</tstamps>
    </comp>
    <comp ref="TP9">
      <value>TestPoint_Flag</value>
      <footprint>TestPoint:TestPoint_Loop_D2.54mm_Drill1.5mm_Beaded</footprint>
      <libsource lib="Connector" part="TestPoint_Flag" description="test point (alternative flag-style design)"/>
      <property name="Sheetname" value=""/>
      <property name="Sheetfile" value="DUAL-ESP32-RELOCATOR-ATLAS.kicad_sch"/>
      <sheetpath names="/" tstamps="/"/>
      <tstamps>3026a55a-9f00-47da-ae76-a89bad3cbb04</tstamps>
    </comp>
    <comp ref="TP10">
      <value>TestPoint_Flag</value>
      <footprint>TestPoint:TestPoint_Loop_D2.54mm_Drill1.5mm_Beaded</footprint>
      <libsource lib="Connector" part="TestPoint_Flag" description="test point (alternative flag-style design)"/>
      <property name="Sheetname" value=""/>
      <property name="Sheetfile" value="DUAL-ESP32-RELOCATOR-ATLAS.kicad_sch"/>
      <sheetpath names="/" tstamps="/"/>
      <tstamps>35581a5b-49e6-4fbd-b42b-013a95781545</tstamps>
    </comp>
    <comp ref="TP11">
      <value>TestPoint_Flag</value>
      <footprint>TestPoint:TestPoint_Loop_D2.54mm_Drill1.5mm_Beaded</footprint>
      <libsource lib="Connector" part="TestPoint_Flag" description="test point (alternative flag-style design)"/>
      <property name="Sheetname" value=""/>
      <property name="Sheetfile" value="DUAL-ESP32-RELOCATOR-ATLAS.kicad_sch"/>
      <sheetpath names="/" tstamps="/"/>
      <tstamps>4ebf8467-6366-4d2e-a4ec-9e0389af1743</tstamps>
    </comp>
    <comp ref="TP12">
      <value>TestPoint_Flag</value>
      <footprint>TestPoint:TestPoint_Loop_D2.54mm_Drill1.5mm_Beaded</footprint>
      <libsource lib="Connector" part="TestPoint_Flag" description="test point (alternative flag-style design)"/>
      <property name="Sheetname" value=""/>
      <property name="Sheetfile" value="DUAL-ESP32-RELOCATOR-ATLAS.kicad_sch"/>
      <sheetpath names="/" tstamps="/"/>
      <tstamps>7b0e4181-153b-4347-8940-46f074e22999</tstamps>
    </comp>
  </components>
  <libparts>
    <libpart lib="Connector" part="Conn_01x02_Male">
      <description>Generic connector, single row, 01x02, script generated (kicad-library-utils/schlib/autogen/connector/)</description>
      <docs>~</docs>
      <footprints>
        <fp>Connector*:*_1x??_*</fp>
      </footprints>
      <fields>
        <field name="Reference">J</field>
        <field name="Value">Conn_01x02_Male</field>
        <field name="Datasheet">~</field>
      </fields>
      <pins>
        <pin num="1" name="Pin_1" type="passive"/>
        <pin num="2" name="Pin_2" type="passive"/>
      </pins>
    </libpart>
    <libpart lib="Connector" part="Conn_01x15_Female">
      <description>Generic connector, single row, 01x15, script generated (kicad-library-utils/schlib/autogen/connector/)</description>
      <docs>~</docs>
      <footprints>
        <fp>Connector*:*_1x??_*</fp>
      </footprints>
      <fields>
        <field name="Reference">J</field>
        <field name="Value">Conn_01x15_Female</field>
        <field name="Datasheet">~</field>
      </fields>
      <pins>
        <pin num="1" name="Pin_1" type="passive"/>
        <pin num="2" name="Pin_2" type="passive"/>
        <pin num="3" name="Pin_3" type="passive"/>
        <pin num="4" name="Pin_4" type="passive"/>
        <pin num="5" name="Pin_5" type="passive"/>
        <pin num="6" name="Pin_6" type="passive"/>
        <pin num="7" name="Pin_7" type="passive"/>
        <pin num="8" name="Pin_8" type="passive"/>
        <pin num="9" name="Pin_9" type="passive"/>
        <pin num="10" name="Pin_10" type="passive"/>
        <pin num="11" name="Pin_11" type="passive"/>
        <pin num="12" name="Pin_12" type="passive"/>
        <pin num="13" name="Pin_13" type="passive"/>
        <pin num="14" name="Pin_14" type="passive"/>
        <pin num="15" name="Pin_15" type="passive"/>
      </pins>
    </libpart>
    <libpart lib="Connector" part="TestPoint_Flag">
      <description>test point (alternative flag-style design)</description>
      <docs>~</docs>
      <footprints>
        <fp>Pin*</fp>
        <fp>Test*</fp>
      </footprints>
      <fields>
        <field name="Reference">TP</field>
        <field name="Value">TestPoint_Flag</field>
        <field name="Datasheet">~</field>
      </fields>
      <pins>
        <pin num="1" name="1" type="passive"/>
      </pins>
    </libpart>
    <libpart lib="Connector_Generic" part="Conn_01x01">
      <description>Generic connector, single row, 01x01, script generated (kicad-library-utils/schlib/autogen/connector/)</description>
      <docs>~</docs>
      <footprints>
        <fp>Connector*:*_1x??_*</fp>
      </footprints>
      <fields>
        <field name="Reference">J</field>
        <field name="Value">Conn_01x01</field>
        <field name="Datasheet">~</field>
      </fields>
      <pins>
        <pin num="1" name="Pin_1" type="passive"/>
      </pins>
    </libpart>
  </libparts>
  <libraries>
    <library logical="Connector">
      <uri>/usr/share/kicad/symbols//Connector.kicad_sym</uri>
    </library>
    <library logical="Connector_Generic">
      <uri>/usr/share/kicad/symbols//Connector_Generic.kicad_sym</uri>
    </library>
  </libraries>
  <nets>
    <net code="1" name="+3V3">
      <node ref="J7" pin="15" pinfunction="Pin_15" pintype="passive"/>
    </net>
    <net code="3" name="AD0">
      <node ref="J7" pin="1" pinfunction="Pin_1" pintype="passive"/>
      <node ref="J7" pin="13" pinfunction="Pin_13" pintype="passive"/>
      <node ref="TP5" pin="1" pinfunction="1" pintype="passive"/>
    </net>
    <net code="4" name="AD1">
      <node ref="J6" pin="11" pinfunction="Pin_11" pintype="passive"/>
      <node ref="J7" pin="6" pinfunction="Pin_6" pintype="passive"/>
      <node ref="TP6" pin="1" pinfunction="1" pintype="passive"/>
    </net>
    <net code="5" name="AD2">
      <node ref="J6" pin="12" pinfunction="Pin_12" pintype="passive"/>
      <node ref="J7" pin="7" pinfunction="Pin_7" pintype="passive"/>
      <node ref="TP7" pin="1" pinfunction="1" pintype="passive"/>
    </net>
    <net code="6" name="AD3">
      <node ref="J6" pin="13" pinfunction="Pin_13" pintype="passive"/>
      <node ref="J7" pin="8" pinfunction="Pin_8" pintype="passive"/>
      <node ref="TP8" pin="1" pinfunction="1" pintype="passive"/>
    </net>
    <net code="7" name="AD4">
      <node ref="J6" pin="10" pinfunction="Pin_10" pintype="passive"/>
      <node ref="J7" pin="9" pinfunction="Pin_9" pintype="passive"/>
      <node ref="TP9" pin="1" pinfunction="1" pintype="passive"/>
    </net>
    <net code="8" name="AD5">
      <node ref="J6" pin="9" pinfunction="Pin_9" pintype="passive"/>
      <node ref="J7" pin="10" pinfunction="Pin_10" pintype="passive"/>
      <node ref="TP10" pin="1" pinfunction="1" pintype="passive"/>
    </net>
    <net code="9" name="AD7">
      <node ref="J11" pin="1" pinfunction="Pin_1" pintype="passive"/>
      <node ref="J7" pin="12" pinfunction="Pin_12" pintype="passive"/>
      <node ref="TP12" pin="1" pinfunction="1" pintype="passive"/>
    </net>
    <net code="10" name="CLK+">
      <node ref="J6" pin="2" pinfunction="Pin_2" pintype="passive"/>
      <node ref="J6" pin="3" pinfunction="Pin_3" pintype="passive"/>
      <node ref="TP2" pin="1" pinfunction="1" pintype="passive"/>
    </net>
    <net code="11" name="CLK-">
      <node ref="J6" pin="4" pinfunction="Pin_4" pintype="passive"/>
      <node ref="J6" pin="6" pinfunction="Pin_6" pintype="passive"/>
      <node ref="TP1" pin="1" pinfunction="1" pintype="passive"/>
    </net>
    <net code="12" name="CLOCK3">
      <node ref="J12" pin="1" pinfunction="Pin_1" pintype="passive"/>
      <node ref="J12" pin="2" pinfunction="Pin_2" pintype="passive"/>
    </net>
    <net code="13" name="DELTASIGMA">
      <node ref="J11" pin="2" pinfunction="Pin_2" pintype="passive"/>
      <node ref="J6" pin="8" pinfunction="Pin_8" pintype="passive"/>
      <node ref="J7" pin="11" pinfunction="Pin_11" pintype="passive"/>
      <node ref="TP11" pin="1" pinfunction="1" pintype="passive"/>
    </net>
    <net code="14" name="EN01">
      <node ref="J6" pin="1" pinfunction="Pin_1" pintype="passive"/>
    </net>
    <net code="15" name="GND">
      <node ref="J6" pin="14" pinfunction="Pin_14" pintype="passive"/>
      <node ref="J7" pin="14" pinfunction="Pin_14" pintype="passive"/>
    </net>
    <net code="16" name="I2C_CLK_SCL">
      <node ref="J7" pin="2" pinfunction="Pin_2" pintype="passive"/>
    </net>
    <net code="17" name="I2C_DATA_SDA">
      <node ref="J7" pin="5" pinfunction="Pin_5" pintype="passive"/>
    </net>
    <net code="18" name="Joy_FIRE02">
      <node ref="J6" pin="5" pinfunction="Pin_5" pintype="passive"/>
      <node ref="J7" pin="3" pinfunction="Pin_3" pintype="passive"/>
      <node ref="TP3" pin="1" pinfunction="1" pintype="passive"/>
    </net>
    <net code="19" name="Joy_RIGHT">
      <node ref="J6" pin="7" pinfunction="Pin_7" pintype="passive"/>
      <node ref="J7" pin="4" pinfunction="Pin_4" pintype="passive"/>
      <node ref="TP4" pin="1" pinfunction="1" pintype="passive"/>
    </net>
    <net code="20" name="VIN">
      <node ref="J6" pin="15" pinfunction="Pin_15" pintype="passive"/>
    </net>
    <net code="21" name="unconnected-(P8-Pad1)">
      <node ref="P8" pin="1" pinfunction="Pin_1" pintype="passive+no_connect"/>
    </net>
    <net code="22" name="unconnected-(P9-Pad1)">
      <node ref="P9" pin="1" pinfunction="Pin_1" pintype="passive+no_connect"/>
    </net>
    <net code="23" name="unconnected-(P10-Pad1)">
      <node ref="P10" pin="1" pinfunction="Pin_1" pintype="passive+no_connect"/>
    </net>
    <net code="24" name="unconnected-(P11-Pad1)">
      <node ref="P11" pin="1" pinfunction="Pin_1" pintype="passive+no_connect"/>
    </net>
    <net code="25" name="unconnected-(P12-Pad1)">
      <node ref="P12" pin="1" pinfunction="Pin_1" pintype="passive+no_connect"/>
    </net>
    <net code="26" name="unconnected-(P13-Pad1)">
      <node ref="P13" pin="1" pinfunction="Pin_1" pintype="passive+no_connect"/>
    </net>
  </nets>
</export>
