"Source:","/home/jaime/kicad/RECOLOCADOR-KICAD/RECOLOCADOR-DUAL-ESP32/ESP32x1-GO/ESP32x1-GO/DUAL-ESP32-RELOCATOR-ATLAS.kicad_sch"
"Date:","mar 11 abr 2023 10:23:34"
"Tool:","Eeschema 6.0.2+dfsg-1"
"Generator:","/usr/share/kicad/plugins/bom_csv_grouped_by_value.py"
"Component Count:","22"

"Individual Components:"

"Item","Qty","Reference(s)","Value","LibPart","Footprint","Datasheet"
"","","J6","Conn_01x15_Female","Connector:Conn_01x15_Female","Connector_PinHeader_2.54mm:PinHeader_1x15_P2.54mm_Vertical","~"
"","","J7","Conn_01x15_Female","Connector:Conn_01x15_Female","Connector_PinHeader_2.54mm:PinHeader_1x15_P2.54mm_Vertical","~"
"","","J11","Conn_01x02_Male","Connector:Conn_01x02_Male","Connector_PinHeader_2.54mm:PinHeader_1x02_P2.54mm_Vertical","~"
"","","J12","Conn_01x02_Male","Connector:Conn_01x02_Male","Connector_PinHeader_2.54mm:PinHeader_1x02_P2.54mm_Vertical","~"
"","","P8","CONN_01X01","Connector_Generic:Conn_01x01","Socket_Arduino_Mega:Arduino_1pin","~"
"","","P9","CONN_01X01","Connector_Generic:Conn_01x01","Socket_Arduino_Mega:Arduino_1pin","~"
"","","P10","CONN_01X01","Connector_Generic:Conn_01x01","Socket_Arduino_Mega:Arduino_1pin","~"
"","","P11","CONN_01X01","Connector_Generic:Conn_01x01","Socket_Arduino_Mega:Arduino_1pin","~"
"","","P12","CONN_01X01","Connector_Generic:Conn_01x01","Socket_Arduino_Mega:Arduino_1pin","~"
"","","P13","CONN_01X01","Connector_Generic:Conn_01x01","Socket_Arduino_Mega:Arduino_1pin","~"
"","","TP1","TestPoint_Flag","Connector:TestPoint_Flag","TestPoint:TestPoint_Loop_D2.54mm_Drill1.5mm_Beaded","~"
"","","TP2","TestPoint_Flag","Connector:TestPoint_Flag","TestPoint:TestPoint_Loop_D2.54mm_Drill1.5mm_Beaded","~"
"","","TP3","TestPoint_Flag","Connector:TestPoint_Flag","TestPoint:TestPoint_Loop_D2.54mm_Drill1.5mm_Beaded","~"
"","","TP4","TestPoint_Flag","Connector:TestPoint_Flag","TestPoint:TestPoint_Loop_D2.54mm_Drill1.5mm_Beaded","~"
"","","TP5","TestPoint_Flag","Connector:TestPoint_Flag","TestPoint:TestPoint_Loop_D2.54mm_Drill1.5mm_Beaded","~"
"","","TP6","TestPoint_Flag","Connector:TestPoint_Flag","TestPoint:TestPoint_Loop_D2.54mm_Drill1.5mm_Beaded","~"
"","","TP7","TestPoint_Flag","Connector:TestPoint_Flag","TestPoint:TestPoint_Loop_D2.54mm_Drill1.5mm_Beaded","~"
"","","TP8","TestPoint_Flag","Connector:TestPoint_Flag","TestPoint:TestPoint_Loop_D2.54mm_Drill1.5mm_Beaded","~"
"","","TP9","TestPoint_Flag","Connector:TestPoint_Flag","TestPoint:TestPoint_Loop_D2.54mm_Drill1.5mm_Beaded","~"
"","","TP10","TestPoint_Flag","Connector:TestPoint_Flag","TestPoint:TestPoint_Loop_D2.54mm_Drill1.5mm_Beaded","~"
"","","TP11","TestPoint_Flag","Connector:TestPoint_Flag","TestPoint:TestPoint_Loop_D2.54mm_Drill1.5mm_Beaded","~"
"","","TP12","TestPoint_Flag","Connector:TestPoint_Flag","TestPoint:TestPoint_Loop_D2.54mm_Drill1.5mm_Beaded","~"



"Collated Components:"

"Item","Qty","Reference(s)","Value","LibPart","Footprint","Datasheet"
"1","2","J6, J7","Conn_01x15_Female","Connector:Conn_01x15_Female","Connector_PinHeader_2.54mm:PinHeader_1x15_P2.54mm_Vertical","~"
"2","2","J11, J12","Conn_01x02_Male","Connector:Conn_01x02_Male","Connector_PinHeader_2.54mm:PinHeader_1x02_P2.54mm_Vertical","~"
"3","6","P8, P9, P10, P11, P12, P13","CONN_01X01","Connector_Generic:Conn_01x01","Socket_Arduino_Mega:Arduino_1pin","~"
"4","12","TP1, TP2, TP3, TP4, TP5, TP6, TP7, TP8, TP9, TP10, TP11, TP12","TestPoint_Flag","Connector:TestPoint_Flag","TestPoint:TestPoint_Loop_D2.54mm_Drill1.5mm_Beaded","~"
