"Source:","/home/jaime/RECOLOR-DUAL-ESP32/DISEÑO-KICAD/DUAL-ESP32-RELOCATOR-ATLAS/DUAL-ESP32-RELOCATOR-ATLAS.kicad_sch"
"Date:","lun 10 abr 2023 10:27:10"
"Tool:","Eeschema 6.0.2+dfsg-1"
"Generator:","/usr/share/kicad/plugins/bom_csv_grouped_by_value.py"
"Component Count:","34"

"Individual Components:"

"Item","Qty","Reference(s)","Value","LibPart","Footprint","Datasheet"
"","","J1","Conn_01x14_Male","Connector:Conn_01x14_Female","Connector_PinHeader_2.54mm:PinHeader_1x14_P2.54mm_Vertical","~"
"","","J2","Conn_01x03_Male","Connector:Conn_01x03_Female","Connector_PinHeader_2.54mm:PinHeader_1x03_P2.54mm_Vertical","~"
"","","J3","Conn_02x06_Row_Letter_Last","Connector_Generic:Conn_02x06_Row_Letter_Last","Connector_PinHeader_2.54mm:PinHeader_2x06_P2.54mm_Vertical","~"
"","","J4","Conn_01x06_Male","Connector:Conn_01x06_Female","Connector_PinHeader_2.54mm:PinHeader_1x06_P2.54mm_Vertical","~"
"","","J5","Conn_01x14_Male","Connector:Conn_01x14_Female","Connector_PinHeader_2.54mm:PinHeader_1x14_P2.54mm_Vertical","~"
"","","J6","Conn_01x15_Female","Connector:Conn_01x15_Female","Connector_PinHeader_2.54mm:PinHeader_1x15_P2.54mm_Vertical","~"
"","","J7","Conn_01x15_Female","Connector:Conn_01x15_Female","Connector_PinHeader_2.54mm:PinHeader_1x15_P2.54mm_Vertical","~"
"","","J8","Conn_01x15_Female","Connector:Conn_01x15_Female","Connector_PinHeader_2.54mm:PinHeader_1x15_P2.54mm_Vertical","~"
"","","J9","Conn_01x15_Female","Connector:Conn_01x15_Female","Connector_PinHeader_2.54mm:PinHeader_1x15_P2.54mm_Vertical","~"
"","","P1","Digital","Connector_Generic:Conn_02x18_Odd_Even","Socket_Arduino_Mega:Socket_Strip_Arduino_2x18","~"
"","","P2","Power","Connector_Generic:Conn_01x08","Socket_Arduino_Mega:Socket_Strip_Arduino_1x08","~"
"","","P3","Analog","Connector_Generic:Conn_01x08","Socket_Arduino_Mega:Socket_Strip_Arduino_1x08","~"
"","","P4","Analog","Connector_Generic:Conn_01x08","Socket_Arduino_Mega:Socket_Strip_Arduino_1x08","~"
"","","P5","PWM","Connector_Generic:Conn_01x10","Socket_Arduino_Mega:Socket_Strip_Arduino_1x10","~"
"","","P6","PWM","Connector_Generic:Conn_01x08","Socket_Arduino_Mega:Socket_Strip_Arduino_1x08","~"
"","","P7","Communication","Connector_Generic:Conn_01x08","Socket_Arduino_Mega:Socket_Strip_Arduino_1x08","~"
"","","P8","CONN_01X01","Connector_Generic:Conn_01x01","Socket_Arduino_Mega:Arduino_1pin","~"
"","","P9","CONN_01X01","Connector_Generic:Conn_01x01","Socket_Arduino_Mega:Arduino_1pin","~"
"","","P10","CONN_01X01","Connector_Generic:Conn_01x01","Socket_Arduino_Mega:Arduino_1pin","~"
"","","P11","CONN_01X01","Connector_Generic:Conn_01x01","Socket_Arduino_Mega:Arduino_1pin","~"
"","","P12","CONN_01X01","Connector_Generic:Conn_01x01","Socket_Arduino_Mega:Arduino_1pin","~"
"","","P13","CONN_01X01","Connector_Generic:Conn_01x01","Socket_Arduino_Mega:Arduino_1pin","~"
"","","P14","CONN_01X01","Connector_Generic:Conn_01x01","Socket_Arduino_Mega:Arduino_1pin","~"
"","","P15","CONN_01X01","Connector_Generic:Conn_01x01","Socket_Arduino_Mega:Arduino_1pin","~"
"","","P16","CONN_01X01","Connector_Generic:Conn_01x01","Socket_Arduino_Mega:Arduino_1pin","~"
"","","P17","CONN_01X01","Connector_Generic:Conn_01x01","Socket_Arduino_Mega:Arduino_1pin","~"
"","","P18","CONN_01X01","Connector_Generic:Conn_01x01","Socket_Arduino_Mega:Arduino_1pin","~"
"","","P19","CONN_01X01","Connector_Generic:Conn_01x01","Socket_Arduino_Mega:Arduino_1pin","~"
"","","P20","CONN_01X01","Connector_Generic:Conn_01x01","Socket_Arduino_Mega:Arduino_1pin","~"
"","","P21","CONN_01X01","Connector_Generic:Conn_01x01","Socket_Arduino_Mega:Arduino_1pin","~"
"","","P22","CONN_01X01","Connector_Generic:Conn_01x01","Socket_Arduino_Mega:Arduino_1pin","~"
"","","P23","CONN_01X01","Connector_Generic:Conn_01x01","Socket_Arduino_Mega:Arduino_1pin","~"
"","","P24","CONN_01X01","Connector_Generic:Conn_01x01","Socket_Arduino_Mega:Arduino_1pin","~"
"","","P25","CONN_01X01","Connector_Generic:Conn_01x01","Socket_Arduino_Mega:Arduino_1pin","~"



"Collated Components:"

"Item","Qty","Reference(s)","Value","LibPart","Footprint","Datasheet"
"1","2","J1, J5","Conn_01x14_Male","Connector:Conn_01x14_Female","Connector_PinHeader_2.54mm:PinHeader_1x14_P2.54mm_Vertical","~"
"2","1","J2","Conn_01x03_Male","Connector:Conn_01x03_Female","Connector_PinHeader_2.54mm:PinHeader_1x03_P2.54mm_Vertical","~"
"3","1","J3","Conn_02x06_Row_Letter_Last","Connector_Generic:Conn_02x06_Row_Letter_Last","Connector_PinHeader_2.54mm:PinHeader_2x06_P2.54mm_Vertical","~"
"4","1","J4","Conn_01x06_Male","Connector:Conn_01x06_Female","Connector_PinHeader_2.54mm:PinHeader_1x06_P2.54mm_Vertical","~"
"5","4","J6, J7, J8, J9","Conn_01x15_Female","Connector:Conn_01x15_Female","Connector_PinHeader_2.54mm:PinHeader_1x15_P2.54mm_Vertical","~"
"6","1","P1","Digital","Connector_Generic:Conn_02x18_Odd_Even","Socket_Arduino_Mega:Socket_Strip_Arduino_2x18","~"
"7","1","P2","Power","Connector_Generic:Conn_01x08","Socket_Arduino_Mega:Socket_Strip_Arduino_1x08","~"
"8","2","P3, P4","Analog","Connector_Generic:Conn_01x08","Socket_Arduino_Mega:Socket_Strip_Arduino_1x08","~"
"9","1","P5","PWM","Connector_Generic:Conn_01x10","Socket_Arduino_Mega:Socket_Strip_Arduino_1x10","~"
"10","1","P6","PWM","Connector_Generic:Conn_01x08","Socket_Arduino_Mega:Socket_Strip_Arduino_1x08","~"
"11","1","P7","Communication","Connector_Generic:Conn_01x08","Socket_Arduino_Mega:Socket_Strip_Arduino_1x08","~"
"12","18","P8, P9, P10, P11, P12, P13, P14, P15, P16, P17, P18, P19, P20, P21, P22, P23, P24, P25","CONN_01X01","Connector_Generic:Conn_01x01","Socket_Arduino_Mega:Arduino_1pin","~"
