<?xml version="1.0" encoding="UTF-8"?>
<export version="E">
  <design>
    <source>/home/jaime/RECOLOR-DUAL-ESP32/DISEÑO-KICAD/DUAL-ESP32-RELOCATOR-ATLAS/DUAL-ESP32-RELOCATOR-ATLAS.kicad_sch</source>
    <date>lun 10 abr 2023 10:27:10</date>
    <tool>Eeschema 6.0.2+dfsg-1</tool>
    <sheet number="1" name="/" tstamps="/">
      <title_block>
        <title/>
        <company/>
        <rev/>
        <date>mar. 31 mars 2015</date>
        <source>DUAL-ESP32-RELOCATOR-ATLAS.kicad_sch</source>
        <comment number="1" value=""/>
        <comment number="2" value=""/>
        <comment number="3" value=""/>
        <comment number="4" value=""/>
        <comment number="5" value=""/>
        <comment number="6" value=""/>
        <comment number="7" value=""/>
        <comment number="8" value=""/>
        <comment number="9" value=""/>
      </title_block>
    </sheet>
  </design>
  <components>
    <comp ref="J1">
      <value>Conn_01x14_Male</value>
      <footprint>Connector_PinHeader_2.54mm:PinHeader_1x14_P2.54mm_Vertical</footprint>
      <libsource lib="Connector" part="Conn_01x14_Female" description="Generic connector, single row, 01x14, script generated (kicad-library-utils/schlib/autogen/connector/)"/>
      <property name="Sheetname" value=""/>
      <property name="Sheetfile" value="DUAL-ESP32-RELOCATOR-ATLAS.kicad_sch"/>
      <sheetpath names="/" tstamps="/"/>
      <tstamps>fb19e5c5-3acf-4ea1-afa6-c5d46f40644d</tstamps>
    </comp>
    <comp ref="J2">
      <value>Conn_01x03_Male</value>
      <footprint>Connector_PinHeader_2.54mm:PinHeader_1x03_P2.54mm_Vertical</footprint>
      <libsource lib="Connector" part="Conn_01x03_Female" description="Generic connector, single row, 01x03, script generated (kicad-library-utils/schlib/autogen/connector/)"/>
      <property name="Sheetname" value=""/>
      <property name="Sheetfile" value="DUAL-ESP32-RELOCATOR-ATLAS.kicad_sch"/>
      <sheetpath names="/" tstamps="/"/>
      <tstamps>89f4f103-9cc0-498d-84b8-91190590e918</tstamps>
    </comp>
    <comp ref="J3">
      <value>Conn_02x06_Row_Letter_Last</value>
      <footprint>Connector_PinHeader_2.54mm:PinHeader_2x06_P2.54mm_Vertical</footprint>
      <libsource lib="Connector_Generic" part="Conn_02x06_Row_Letter_Last" description="Generic connector, double row, 02x06, row letter last pin numbering scheme (pin number consists of a letter for the row and a number for the pin index in this row. 1a, ..., Na; 1b, ..., Nb)), script generated (kicad-library-utils/schlib/autogen/connector/)"/>
      <property name="Sheetname" value=""/>
      <property name="Sheetfile" value="DUAL-ESP32-RELOCATOR-ATLAS.kicad_sch"/>
      <sheetpath names="/" tstamps="/"/>
      <tstamps>764ce9a2-c363-448f-a68c-a7dbf5cd80c1</tstamps>
    </comp>
    <comp ref="J4">
      <value>Conn_01x06_Male</value>
      <footprint>Connector_PinHeader_2.54mm:PinHeader_1x06_P2.54mm_Vertical</footprint>
      <libsource lib="Connector" part="Conn_01x06_Female" description="Generic connector, single row, 01x06, script generated (kicad-library-utils/schlib/autogen/connector/)"/>
      <property name="Sheetname" value=""/>
      <property name="Sheetfile" value="DUAL-ESP32-RELOCATOR-ATLAS.kicad_sch"/>
      <sheetpath names="/" tstamps="/"/>
      <tstamps>5b2b8488-506a-4282-8a00-f334dbf0d9f9</tstamps>
    </comp>
    <comp ref="J5">
      <value>Conn_01x14_Male</value>
      <footprint>Connector_PinHeader_2.54mm:PinHeader_1x14_P2.54mm_Vertical</footprint>
      <libsource lib="Connector" part="Conn_01x14_Female" description="Generic connector, single row, 01x14, script generated (kicad-library-utils/schlib/autogen/connector/)"/>
      <property name="Sheetname" value=""/>
      <property name="Sheetfile" value="DUAL-ESP32-RELOCATOR-ATLAS.kicad_sch"/>
      <sheetpath names="/" tstamps="/"/>
      <tstamps>86f80378-6892-4c27-82dc-6725fcdbbec0</tstamps>
    </comp>
    <comp ref="J6">
      <value>Conn_01x15_Female</value>
      <footprint>Connector_PinHeader_2.54mm:PinHeader_1x15_P2.54mm_Vertical</footprint>
      <libsource lib="Connector" part="Conn_01x15_Female" description="Generic connector, single row, 01x15, script generated (kicad-library-utils/schlib/autogen/connector/)"/>
      <property name="Sheetname" value=""/>
      <property name="Sheetfile" value="DUAL-ESP32-RELOCATOR-ATLAS.kicad_sch"/>
      <sheetpath names="/" tstamps="/"/>
      <tstamps>c3ed480d-f308-418c-9917-cb0a2179080a</tstamps>
    </comp>
    <comp ref="J7">
      <value>Conn_01x15_Female</value>
      <footprint>Connector_PinHeader_2.54mm:PinHeader_1x15_P2.54mm_Vertical</footprint>
      <libsource lib="Connector" part="Conn_01x15_Female" description="Generic connector, single row, 01x15, script generated (kicad-library-utils/schlib/autogen/connector/)"/>
      <property name="Sheetname" value=""/>
      <property name="Sheetfile" value="DUAL-ESP32-RELOCATOR-ATLAS.kicad_sch"/>
      <sheetpath names="/" tstamps="/"/>
      <tstamps>89f76720-ceac-4b56-8ce6-a2a9deb12a4a</tstamps>
    </comp>
    <comp ref="J8">
      <value>Conn_01x15_Female</value>
      <footprint>Connector_PinHeader_2.54mm:PinHeader_1x15_P2.54mm_Vertical</footprint>
      <libsource lib="Connector" part="Conn_01x15_Female" description="Generic connector, single row, 01x15, script generated (kicad-library-utils/schlib/autogen/connector/)"/>
      <property name="Sheetname" value=""/>
      <property name="Sheetfile" value="DUAL-ESP32-RELOCATOR-ATLAS.kicad_sch"/>
      <sheetpath names="/" tstamps="/"/>
      <tstamps>84a344c4-aab3-4b86-922d-9cb9cea2e1ae</tstamps>
    </comp>
    <comp ref="J9">
      <value>Conn_01x15_Female</value>
      <footprint>Connector_PinHeader_2.54mm:PinHeader_1x15_P2.54mm_Vertical</footprint>
      <libsource lib="Connector" part="Conn_01x15_Female" description="Generic connector, single row, 01x15, script generated (kicad-library-utils/schlib/autogen/connector/)"/>
      <property name="Sheetname" value=""/>
      <property name="Sheetfile" value="DUAL-ESP32-RELOCATOR-ATLAS.kicad_sch"/>
      <sheetpath names="/" tstamps="/"/>
      <tstamps>5a434773-817e-415f-8aa6-c28818bab13a</tstamps>
    </comp>
    <comp ref="P1">
      <value>Digital</value>
      <footprint>Socket_Arduino_Mega:Socket_Strip_Arduino_2x18</footprint>
      <libsource lib="Connector_Generic" part="Conn_02x18_Odd_Even" description="Generic connector, double row, 02x18, odd/even pin numbering scheme (row 1 odd numbers, row 2 even numbers), script generated (kicad-library-utils/schlib/autogen/connector/)"/>
      <property name="Sheetname" value=""/>
      <property name="Sheetfile" value="DUAL-ESP32-RELOCATOR-ATLAS.kicad_sch"/>
      <sheetpath names="/" tstamps="/"/>
      <tstamps>00000000-0000-0000-0000-000056d743b5</tstamps>
    </comp>
    <comp ref="P2">
      <value>Power</value>
      <footprint>Socket_Arduino_Mega:Socket_Strip_Arduino_1x08</footprint>
      <libsource lib="Connector_Generic" part="Conn_01x08" description="Generic connector, single row, 01x08, script generated (kicad-library-utils/schlib/autogen/connector/)"/>
      <property name="Sheetname" value=""/>
      <property name="Sheetfile" value="DUAL-ESP32-RELOCATOR-ATLAS.kicad_sch"/>
      <sheetpath names="/" tstamps="/"/>
      <tstamps>00000000-0000-0000-0000-000056d71773</tstamps>
    </comp>
    <comp ref="P3">
      <value>Analog</value>
      <footprint>Socket_Arduino_Mega:Socket_Strip_Arduino_1x08</footprint>
      <libsource lib="Connector_Generic" part="Conn_01x08" description="Generic connector, single row, 01x08, script generated (kicad-library-utils/schlib/autogen/connector/)"/>
      <property name="Sheetname" value=""/>
      <property name="Sheetfile" value="DUAL-ESP32-RELOCATOR-ATLAS.kicad_sch"/>
      <sheetpath names="/" tstamps="/"/>
      <tstamps>00000000-0000-0000-0000-000056d72f1c</tstamps>
    </comp>
    <comp ref="P4">
      <value>Analog</value>
      <footprint>Socket_Arduino_Mega:Socket_Strip_Arduino_1x08</footprint>
      <libsource lib="Connector_Generic" part="Conn_01x08" description="Generic connector, single row, 01x08, script generated (kicad-library-utils/schlib/autogen/connector/)"/>
      <property name="Sheetname" value=""/>
      <property name="Sheetfile" value="DUAL-ESP32-RELOCATOR-ATLAS.kicad_sch"/>
      <sheetpath names="/" tstamps="/"/>
      <tstamps>00000000-0000-0000-0000-000056d73a0e</tstamps>
    </comp>
    <comp ref="P5">
      <value>PWM</value>
      <footprint>Socket_Arduino_Mega:Socket_Strip_Arduino_1x10</footprint>
      <libsource lib="Connector_Generic" part="Conn_01x10" description="Generic connector, single row, 01x10, script generated (kicad-library-utils/schlib/autogen/connector/)"/>
      <property name="Sheetname" value=""/>
      <property name="Sheetfile" value="DUAL-ESP32-RELOCATOR-ATLAS.kicad_sch"/>
      <sheetpath names="/" tstamps="/"/>
      <tstamps>00000000-0000-0000-0000-000056d72368</tstamps>
    </comp>
    <comp ref="P6">
      <value>PWM</value>
      <footprint>Socket_Arduino_Mega:Socket_Strip_Arduino_1x08</footprint>
      <libsource lib="Connector_Generic" part="Conn_01x08" description="Generic connector, single row, 01x08, script generated (kicad-library-utils/schlib/autogen/connector/)"/>
      <property name="Sheetname" value=""/>
      <property name="Sheetfile" value="DUAL-ESP32-RELOCATOR-ATLAS.kicad_sch"/>
      <sheetpath names="/" tstamps="/"/>
      <tstamps>00000000-0000-0000-0000-000056d734d0</tstamps>
    </comp>
    <comp ref="P7">
      <value>Communication</value>
      <footprint>Socket_Arduino_Mega:Socket_Strip_Arduino_1x08</footprint>
      <libsource lib="Connector_Generic" part="Conn_01x08" description="Generic connector, single row, 01x08, script generated (kicad-library-utils/schlib/autogen/connector/)"/>
      <property name="Sheetname" value=""/>
      <property name="Sheetfile" value="DUAL-ESP32-RELOCATOR-ATLAS.kicad_sch"/>
      <sheetpath names="/" tstamps="/"/>
      <tstamps>00000000-0000-0000-0000-000056d73f2c</tstamps>
    </comp>
    <comp ref="P8">
      <value>CONN_01X01</value>
      <footprint>Socket_Arduino_Mega:Arduino_1pin</footprint>
      <libsource lib="Connector_Generic" part="Conn_01x01" description="Generic connector, single row, 01x01, script generated (kicad-library-utils/schlib/autogen/connector/)"/>
      <property name="Sheetname" value=""/>
      <property name="Sheetfile" value="DUAL-ESP32-RELOCATOR-ATLAS.kicad_sch"/>
      <sheetpath names="/" tstamps="/"/>
      <tstamps>00000000-0000-0000-0000-000056d70b71</tstamps>
    </comp>
    <comp ref="P9">
      <value>CONN_01X01</value>
      <footprint>Socket_Arduino_Mega:Arduino_1pin</footprint>
      <libsource lib="Connector_Generic" part="Conn_01x01" description="Generic connector, single row, 01x01, script generated (kicad-library-utils/schlib/autogen/connector/)"/>
      <property name="Sheetname" value=""/>
      <property name="Sheetfile" value="DUAL-ESP32-RELOCATOR-ATLAS.kicad_sch"/>
      <sheetpath names="/" tstamps="/"/>
      <tstamps>00000000-0000-0000-0000-000056d70c9b</tstamps>
    </comp>
    <comp ref="P10">
      <value>CONN_01X01</value>
      <footprint>Socket_Arduino_Mega:Arduino_1pin</footprint>
      <libsource lib="Connector_Generic" part="Conn_01x01" description="Generic connector, single row, 01x01, script generated (kicad-library-utils/schlib/autogen/connector/)"/>
      <property name="Sheetname" value=""/>
      <property name="Sheetfile" value="DUAL-ESP32-RELOCATOR-ATLAS.kicad_sch"/>
      <sheetpath names="/" tstamps="/"/>
      <tstamps>00000000-0000-0000-0000-000056d70ce6</tstamps>
    </comp>
    <comp ref="P11">
      <value>CONN_01X01</value>
      <footprint>Socket_Arduino_Mega:Arduino_1pin</footprint>
      <libsource lib="Connector_Generic" part="Conn_01x01" description="Generic connector, single row, 01x01, script generated (kicad-library-utils/schlib/autogen/connector/)"/>
      <property name="Sheetname" value=""/>
      <property name="Sheetfile" value="DUAL-ESP32-RELOCATOR-ATLAS.kicad_sch"/>
      <sheetpath names="/" tstamps="/"/>
      <tstamps>00000000-0000-0000-0000-000056d70d2c</tstamps>
    </comp>
    <comp ref="P12">
      <value>CONN_01X01</value>
      <footprint>Socket_Arduino_Mega:Arduino_1pin</footprint>
      <libsource lib="Connector_Generic" part="Conn_01x01" description="Generic connector, single row, 01x01, script generated (kicad-library-utils/schlib/autogen/connector/)"/>
      <property name="Sheetname" value=""/>
      <property name="Sheetfile" value="DUAL-ESP32-RELOCATOR-ATLAS.kicad_sch"/>
      <sheetpath names="/" tstamps="/"/>
      <tstamps>00000000-0000-0000-0000-000056d711a2</tstamps>
    </comp>
    <comp ref="P13">
      <value>CONN_01X01</value>
      <footprint>Socket_Arduino_Mega:Arduino_1pin</footprint>
      <libsource lib="Connector_Generic" part="Conn_01x01" description="Generic connector, single row, 01x01, script generated (kicad-library-utils/schlib/autogen/connector/)"/>
      <property name="Sheetname" value=""/>
      <property name="Sheetfile" value="DUAL-ESP32-RELOCATOR-ATLAS.kicad_sch"/>
      <sheetpath names="/" tstamps="/"/>
      <tstamps>00000000-0000-0000-0000-000056d711f0</tstamps>
    </comp>
    <comp ref="P14">
      <value>CONN_01X01</value>
      <footprint>Socket_Arduino_Mega:Arduino_1pin</footprint>
      <libsource lib="Connector_Generic" part="Conn_01x01" description="Generic connector, single row, 01x01, script generated (kicad-library-utils/schlib/autogen/connector/)"/>
      <property name="Sheetname" value=""/>
      <property name="Sheetfile" value="DUAL-ESP32-RELOCATOR-ATLAS.kicad_sch"/>
      <sheetpath names="/" tstamps="/"/>
      <tstamps>fdf4a8d8-6f6e-4596-9e52-1eaf9b2199c0</tstamps>
    </comp>
    <comp ref="P15">
      <value>CONN_01X01</value>
      <footprint>Socket_Arduino_Mega:Arduino_1pin</footprint>
      <libsource lib="Connector_Generic" part="Conn_01x01" description="Generic connector, single row, 01x01, script generated (kicad-library-utils/schlib/autogen/connector/)"/>
      <property name="Sheetname" value=""/>
      <property name="Sheetfile" value="DUAL-ESP32-RELOCATOR-ATLAS.kicad_sch"/>
      <sheetpath names="/" tstamps="/"/>
      <tstamps>36c4a32b-9a7b-41a6-9eb3-32a4e05cd500</tstamps>
    </comp>
    <comp ref="P16">
      <value>CONN_01X01</value>
      <footprint>Socket_Arduino_Mega:Arduino_1pin</footprint>
      <libsource lib="Connector_Generic" part="Conn_01x01" description="Generic connector, single row, 01x01, script generated (kicad-library-utils/schlib/autogen/connector/)"/>
      <property name="Sheetname" value=""/>
      <property name="Sheetfile" value="DUAL-ESP32-RELOCATOR-ATLAS.kicad_sch"/>
      <sheetpath names="/" tstamps="/"/>
      <tstamps>ac2f1783-738d-48fe-bef9-44864c16e87c</tstamps>
    </comp>
    <comp ref="P17">
      <value>CONN_01X01</value>
      <footprint>Socket_Arduino_Mega:Arduino_1pin</footprint>
      <libsource lib="Connector_Generic" part="Conn_01x01" description="Generic connector, single row, 01x01, script generated (kicad-library-utils/schlib/autogen/connector/)"/>
      <property name="Sheetname" value=""/>
      <property name="Sheetfile" value="DUAL-ESP32-RELOCATOR-ATLAS.kicad_sch"/>
      <sheetpath names="/" tstamps="/"/>
      <tstamps>c31fb822-2ed0-43a7-a405-1e3d0205cd17</tstamps>
    </comp>
    <comp ref="P18">
      <value>CONN_01X01</value>
      <footprint>Socket_Arduino_Mega:Arduino_1pin</footprint>
      <libsource lib="Connector_Generic" part="Conn_01x01" description="Generic connector, single row, 01x01, script generated (kicad-library-utils/schlib/autogen/connector/)"/>
      <property name="Sheetname" value=""/>
      <property name="Sheetfile" value="DUAL-ESP32-RELOCATOR-ATLAS.kicad_sch"/>
      <sheetpath names="/" tstamps="/"/>
      <tstamps>34b37be4-0c0b-4138-91e5-ee96e412ab26</tstamps>
    </comp>
    <comp ref="P19">
      <value>CONN_01X01</value>
      <footprint>Socket_Arduino_Mega:Arduino_1pin</footprint>
      <libsource lib="Connector_Generic" part="Conn_01x01" description="Generic connector, single row, 01x01, script generated (kicad-library-utils/schlib/autogen/connector/)"/>
      <property name="Sheetname" value=""/>
      <property name="Sheetfile" value="DUAL-ESP32-RELOCATOR-ATLAS.kicad_sch"/>
      <sheetpath names="/" tstamps="/"/>
      <tstamps>3afd1f3a-79a1-4f2e-8317-5e77dc8ad7fc</tstamps>
    </comp>
    <comp ref="P20">
      <value>CONN_01X01</value>
      <footprint>Socket_Arduino_Mega:Arduino_1pin</footprint>
      <libsource lib="Connector_Generic" part="Conn_01x01" description="Generic connector, single row, 01x01, script generated (kicad-library-utils/schlib/autogen/connector/)"/>
      <property name="Sheetname" value=""/>
      <property name="Sheetfile" value="DUAL-ESP32-RELOCATOR-ATLAS.kicad_sch"/>
      <sheetpath names="/" tstamps="/"/>
      <tstamps>7739676f-74a4-4276-8300-a92486fee4dc</tstamps>
    </comp>
    <comp ref="P21">
      <value>CONN_01X01</value>
      <footprint>Socket_Arduino_Mega:Arduino_1pin</footprint>
      <libsource lib="Connector_Generic" part="Conn_01x01" description="Generic connector, single row, 01x01, script generated (kicad-library-utils/schlib/autogen/connector/)"/>
      <property name="Sheetname" value=""/>
      <property name="Sheetfile" value="DUAL-ESP32-RELOCATOR-ATLAS.kicad_sch"/>
      <sheetpath names="/" tstamps="/"/>
      <tstamps>dffd2941-2541-43ee-97a9-79a0ab15f57d</tstamps>
    </comp>
    <comp ref="P22">
      <value>CONN_01X01</value>
      <footprint>Socket_Arduino_Mega:Arduino_1pin</footprint>
      <libsource lib="Connector_Generic" part="Conn_01x01" description="Generic connector, single row, 01x01, script generated (kicad-library-utils/schlib/autogen/connector/)"/>
      <property name="Sheetname" value=""/>
      <property name="Sheetfile" value="DUAL-ESP32-RELOCATOR-ATLAS.kicad_sch"/>
      <sheetpath names="/" tstamps="/"/>
      <tstamps>cf2ca2b8-c110-4ac7-9be4-383392984644</tstamps>
    </comp>
    <comp ref="P23">
      <value>CONN_01X01</value>
      <footprint>Socket_Arduino_Mega:Arduino_1pin</footprint>
      <libsource lib="Connector_Generic" part="Conn_01x01" description="Generic connector, single row, 01x01, script generated (kicad-library-utils/schlib/autogen/connector/)"/>
      <property name="Sheetname" value=""/>
      <property name="Sheetfile" value="DUAL-ESP32-RELOCATOR-ATLAS.kicad_sch"/>
      <sheetpath names="/" tstamps="/"/>
      <tstamps>5f37d1c5-2973-42d6-8e87-1c596d447096</tstamps>
    </comp>
    <comp ref="P24">
      <value>CONN_01X01</value>
      <footprint>Socket_Arduino_Mega:Arduino_1pin</footprint>
      <libsource lib="Connector_Generic" part="Conn_01x01" description="Generic connector, single row, 01x01, script generated (kicad-library-utils/schlib/autogen/connector/)"/>
      <property name="Sheetname" value=""/>
      <property name="Sheetfile" value="DUAL-ESP32-RELOCATOR-ATLAS.kicad_sch"/>
      <sheetpath names="/" tstamps="/"/>
      <tstamps>fade96c7-0c0f-4c4d-a287-8f5d4debf57d</tstamps>
    </comp>
    <comp ref="P25">
      <value>CONN_01X01</value>
      <footprint>Socket_Arduino_Mega:Arduino_1pin</footprint>
      <libsource lib="Connector_Generic" part="Conn_01x01" description="Generic connector, single row, 01x01, script generated (kicad-library-utils/schlib/autogen/connector/)"/>
      <property name="Sheetname" value=""/>
      <property name="Sheetfile" value="DUAL-ESP32-RELOCATOR-ATLAS.kicad_sch"/>
      <sheetpath names="/" tstamps="/"/>
      <tstamps>afeb84e1-d938-4e56-83bd-1d5356935b97</tstamps>
    </comp>
  </components>
  <libparts>
    <libpart lib="Connector" part="Conn_01x03_Female">
      <description>Generic connector, single row, 01x03, script generated (kicad-library-utils/schlib/autogen/connector/)</description>
      <docs>~</docs>
      <footprints>
        <fp>Connector*:*_1x??_*</fp>
      </footprints>
      <fields>
        <field name="Reference">J</field>
        <field name="Value">Conn_01x03_Female</field>
        <field name="Datasheet">~</field>
      </fields>
      <pins>
        <pin num="1" name="Pin_1" type="passive"/>
        <pin num="2" name="Pin_2" type="passive"/>
        <pin num="3" name="Pin_3" type="passive"/>
      </pins>
    </libpart>
    <libpart lib="Connector" part="Conn_01x06_Female">
      <description>Generic connector, single row, 01x06, script generated (kicad-library-utils/schlib/autogen/connector/)</description>
      <docs>~</docs>
      <footprints>
        <fp>Connector*:*_1x??_*</fp>
      </footprints>
      <fields>
        <field name="Reference">J</field>
        <field name="Value">Conn_01x06_Female</field>
        <field name="Datasheet">~</field>
      </fields>
      <pins>
        <pin num="1" name="Pin_1" type="passive"/>
        <pin num="2" name="Pin_2" type="passive"/>
        <pin num="3" name="Pin_3" type="passive"/>
        <pin num="4" name="Pin_4" type="passive"/>
        <pin num="5" name="Pin_5" type="passive"/>
        <pin num="6" name="Pin_6" type="passive"/>
      </pins>
    </libpart>
    <libpart lib="Connector" part="Conn_01x14_Female">
      <description>Generic connector, single row, 01x14, script generated (kicad-library-utils/schlib/autogen/connector/)</description>
      <docs>~</docs>
      <footprints>
        <fp>Connector*:*_1x??_*</fp>
      </footprints>
      <fields>
        <field name="Reference">J</field>
        <field name="Value">Conn_01x14_Female</field>
        <field name="Datasheet">~</field>
      </fields>
      <pins>
        <pin num="1" name="Pin_1" type="passive"/>
        <pin num="2" name="Pin_2" type="passive"/>
        <pin num="3" name="Pin_3" type="passive"/>
        <pin num="4" name="Pin_4" type="passive"/>
        <pin num="5" name="Pin_5" type="passive"/>
        <pin num="6" name="Pin_6" type="passive"/>
        <pin num="7" name="Pin_7" type="passive"/>
        <pin num="8" name="Pin_8" type="passive"/>
        <pin num="9" name="Pin_9" type="passive"/>
        <pin num="10" name="Pin_10" type="passive"/>
        <pin num="11" name="Pin_11" type="passive"/>
        <pin num="12" name="Pin_12" type="passive"/>
        <pin num="13" name="Pin_13" type="passive"/>
        <pin num="14" name="Pin_14" type="passive"/>
      </pins>
    </libpart>
    <libpart lib="Connector" part="Conn_01x15_Female">
      <description>Generic connector, single row, 01x15, script generated (kicad-library-utils/schlib/autogen/connector/)</description>
      <docs>~</docs>
      <footprints>
        <fp>Connector*:*_1x??_*</fp>
      </footprints>
      <fields>
        <field name="Reference">J</field>
        <field name="Value">Conn_01x15_Female</field>
        <field name="Datasheet">~</field>
      </fields>
      <pins>
        <pin num="1" name="Pin_1" type="passive"/>
        <pin num="2" name="Pin_2" type="passive"/>
        <pin num="3" name="Pin_3" type="passive"/>
        <pin num="4" name="Pin_4" type="passive"/>
        <pin num="5" name="Pin_5" type="passive"/>
        <pin num="6" name="Pin_6" type="passive"/>
        <pin num="7" name="Pin_7" type="passive"/>
        <pin num="8" name="Pin_8" type="passive"/>
        <pin num="9" name="Pin_9" type="passive"/>
        <pin num="10" name="Pin_10" type="passive"/>
        <pin num="11" name="Pin_11" type="passive"/>
        <pin num="12" name="Pin_12" type="passive"/>
        <pin num="13" name="Pin_13" type="passive"/>
        <pin num="14" name="Pin_14" type="passive"/>
        <pin num="15" name="Pin_15" type="passive"/>
      </pins>
    </libpart>
    <libpart lib="Connector_Generic" part="Conn_01x01">
      <description>Generic connector, single row, 01x01, script generated (kicad-library-utils/schlib/autogen/connector/)</description>
      <docs>~</docs>
      <footprints>
        <fp>Connector*:*_1x??_*</fp>
      </footprints>
      <fields>
        <field name="Reference">J</field>
        <field name="Value">Conn_01x01</field>
        <field name="Datasheet">~</field>
      </fields>
      <pins>
        <pin num="1" name="Pin_1" type="passive"/>
      </pins>
    </libpart>
    <libpart lib="Connector_Generic" part="Conn_01x08">
      <description>Generic connector, single row, 01x08, script generated (kicad-library-utils/schlib/autogen/connector/)</description>
      <docs>~</docs>
      <footprints>
        <fp>Connector*:*_1x??_*</fp>
      </footprints>
      <fields>
        <field name="Reference">J</field>
        <field name="Value">Conn_01x08</field>
        <field name="Datasheet">~</field>
      </fields>
      <pins>
        <pin num="1" name="Pin_1" type="passive"/>
        <pin num="2" name="Pin_2" type="passive"/>
        <pin num="3" name="Pin_3" type="passive"/>
        <pin num="4" name="Pin_4" type="passive"/>
        <pin num="5" name="Pin_5" type="passive"/>
        <pin num="6" name="Pin_6" type="passive"/>
        <pin num="7" name="Pin_7" type="passive"/>
        <pin num="8" name="Pin_8" type="passive"/>
      </pins>
    </libpart>
    <libpart lib="Connector_Generic" part="Conn_01x10">
      <description>Generic connector, single row, 01x10, script generated (kicad-library-utils/schlib/autogen/connector/)</description>
      <docs>~</docs>
      <footprints>
        <fp>Connector*:*_1x??_*</fp>
      </footprints>
      <fields>
        <field name="Reference">J</field>
        <field name="Value">Conn_01x10</field>
        <field name="Datasheet">~</field>
      </fields>
      <pins>
        <pin num="1" name="Pin_1" type="passive"/>
        <pin num="2" name="Pin_2" type="passive"/>
        <pin num="3" name="Pin_3" type="passive"/>
        <pin num="4" name="Pin_4" type="passive"/>
        <pin num="5" name="Pin_5" type="passive"/>
        <pin num="6" name="Pin_6" type="passive"/>
        <pin num="7" name="Pin_7" type="passive"/>
        <pin num="8" name="Pin_8" type="passive"/>
        <pin num="9" name="Pin_9" type="passive"/>
        <pin num="10" name="Pin_10" type="passive"/>
      </pins>
    </libpart>
    <libpart lib="Connector_Generic" part="Conn_02x06_Row_Letter_Last">
      <description>Generic connector, double row, 02x06, row letter last pin numbering scheme (pin number consists of a letter for the row and a number for the pin index in this row. 1a, ..., Na; 1b, ..., Nb)), script generated (kicad-library-utils/schlib/autogen/connector/)</description>
      <docs>~</docs>
      <footprints>
        <fp>Connector*:*_2x??_*</fp>
      </footprints>
      <fields>
        <field name="Reference">J</field>
        <field name="Value">Conn_02x06_Row_Letter_Last</field>
        <field name="Datasheet">~</field>
      </fields>
      <pins>
        <pin num="1a" name="Pin_1a" type="passive"/>
        <pin num="1b" name="Pin_1b" type="passive"/>
        <pin num="2a" name="Pin_2a" type="passive"/>
        <pin num="2b" name="Pin_2b" type="passive"/>
        <pin num="3a" name="Pin_3a" type="passive"/>
        <pin num="3b" name="Pin_3b" type="passive"/>
        <pin num="4a" name="Pin_4a" type="passive"/>
        <pin num="4b" name="Pin_4b" type="passive"/>
        <pin num="5a" name="Pin_5a" type="passive"/>
        <pin num="5b" name="Pin_5b" type="passive"/>
        <pin num="6a" name="Pin_6a" type="passive"/>
        <pin num="6b" name="Pin_6b" type="passive"/>
      </pins>
    </libpart>
    <libpart lib="Connector_Generic" part="Conn_02x18_Odd_Even">
      <description>Generic connector, double row, 02x18, odd/even pin numbering scheme (row 1 odd numbers, row 2 even numbers), script generated (kicad-library-utils/schlib/autogen/connector/)</description>
      <docs>~</docs>
      <footprints>
        <fp>Connector*:*_2x??_*</fp>
      </footprints>
      <fields>
        <field name="Reference">J</field>
        <field name="Value">Conn_02x18_Odd_Even</field>
        <field name="Datasheet">~</field>
      </fields>
      <pins>
        <pin num="1" name="Pin_1" type="passive"/>
        <pin num="2" name="Pin_2" type="passive"/>
        <pin num="3" name="Pin_3" type="passive"/>
        <pin num="4" name="Pin_4" type="passive"/>
        <pin num="5" name="Pin_5" type="passive"/>
        <pin num="6" name="Pin_6" type="passive"/>
        <pin num="7" name="Pin_7" type="passive"/>
        <pin num="8" name="Pin_8" type="passive"/>
        <pin num="9" name="Pin_9" type="passive"/>
        <pin num="10" name="Pin_10" type="passive"/>
        <pin num="11" name="Pin_11" type="passive"/>
        <pin num="12" name="Pin_12" type="passive"/>
        <pin num="13" name="Pin_13" type="passive"/>
        <pin num="14" name="Pin_14" type="passive"/>
        <pin num="15" name="Pin_15" type="passive"/>
        <pin num="16" name="Pin_16" type="passive"/>
        <pin num="17" name="Pin_17" type="passive"/>
        <pin num="18" name="Pin_18" type="passive"/>
        <pin num="19" name="Pin_19" type="passive"/>
        <pin num="20" name="Pin_20" type="passive"/>
        <pin num="21" name="Pin_21" type="passive"/>
        <pin num="22" name="Pin_22" type="passive"/>
        <pin num="23" name="Pin_23" type="passive"/>
        <pin num="24" name="Pin_24" type="passive"/>
        <pin num="25" name="Pin_25" type="passive"/>
        <pin num="26" name="Pin_26" type="passive"/>
        <pin num="27" name="Pin_27" type="passive"/>
        <pin num="28" name="Pin_28" type="passive"/>
        <pin num="29" name="Pin_29" type="passive"/>
        <pin num="30" name="Pin_30" type="passive"/>
        <pin num="31" name="Pin_31" type="passive"/>
        <pin num="32" name="Pin_32" type="passive"/>
        <pin num="33" name="Pin_33" type="passive"/>
        <pin num="34" name="Pin_34" type="passive"/>
        <pin num="35" name="Pin_35" type="passive"/>
        <pin num="36" name="Pin_36" type="passive"/>
      </pins>
    </libpart>
  </libparts>
  <libraries>
    <library logical="Connector">
      <uri>/usr/share/kicad/symbols//Connector.kicad_sym</uri>
    </library>
    <library logical="Connector_Generic">
      <uri>/usr/share/kicad/symbols//Connector_Generic.kicad_sym</uri>
    </library>
  </libraries>
  <nets>
    <net code="1" name="+3V3">
      <node ref="J3" pin="6a" pinfunction="Pin_6a" pintype="passive"/>
      <node ref="J3" pin="6b" pinfunction="Pin_6b" pintype="passive"/>
      <node ref="J5" pin="3" pinfunction="Pin_3" pintype="passive"/>
      <node ref="J7" pin="15" pinfunction="Pin_15" pintype="passive"/>
      <node ref="J9" pin="15" pinfunction="Pin_15" pintype="passive"/>
      <node ref="P2" pin="4" pinfunction="Pin_4" pintype="passive"/>
    </net>
    <net code="2" name="+5V">
      <node ref="J5" pin="1" pinfunction="Pin_1" pintype="passive"/>
      <node ref="P1" pin="35" pinfunction="Pin_35" pintype="passive"/>
      <node ref="P1" pin="36" pinfunction="Pin_36" pintype="passive"/>
      <node ref="P2" pin="5" pinfunction="Pin_5" pintype="passive"/>
    </net>
    <net code="3" name="/0(Rx0)">
      <node ref="P6" pin="8" pinfunction="Pin_8" pintype="passive"/>
    </net>
    <net code="4" name="/1(Tx0)">
      <node ref="P6" pin="7" pinfunction="Pin_7" pintype="passive"/>
    </net>
    <net code="5" name="/2(**)">
      <node ref="P6" pin="6" pinfunction="Pin_6" pintype="passive"/>
    </net>
    <net code="6" name="/3(**)">
      <node ref="P6" pin="5" pinfunction="Pin_5" pintype="passive"/>
    </net>
    <net code="7" name="/4(**)">
      <node ref="P6" pin="4" pinfunction="Pin_4" pintype="passive"/>
    </net>
    <net code="8" name="/5(**)">
      <node ref="P6" pin="3" pinfunction="Pin_3" pintype="passive"/>
    </net>
    <net code="9" name="/6(**)">
      <node ref="P6" pin="2" pinfunction="Pin_2" pintype="passive"/>
    </net>
    <net code="10" name="/7(**)">
      <node ref="P6" pin="1" pinfunction="Pin_1" pintype="passive"/>
    </net>
    <net code="11" name="/8(**)">
      <node ref="P5" pin="10" pinfunction="Pin_10" pintype="passive"/>
    </net>
    <net code="12" name="/9(**)">
      <node ref="P5" pin="9" pinfunction="Pin_9" pintype="passive"/>
    </net>
    <net code="13" name="/10(**)">
      <node ref="P5" pin="8" pinfunction="Pin_8" pintype="passive"/>
    </net>
    <net code="14" name="/11(**)">
      <node ref="P5" pin="7" pinfunction="Pin_7" pintype="passive"/>
    </net>
    <net code="15" name="/12(**)">
      <node ref="P5" pin="6" pinfunction="Pin_6" pintype="passive"/>
    </net>
    <net code="16" name="/13(**)">
      <node ref="P5" pin="5" pinfunction="Pin_5" pintype="passive"/>
    </net>
    <net code="17" name="/14(Tx3)">
      <node ref="P7" pin="1" pinfunction="Pin_1" pintype="passive"/>
    </net>
    <net code="18" name="/15(Rx3)">
      <node ref="P7" pin="2" pinfunction="Pin_2" pintype="passive"/>
    </net>
    <net code="19" name="/16(Tx2)">
      <node ref="P7" pin="3" pinfunction="Pin_3" pintype="passive"/>
    </net>
    <net code="20" name="/17(Rx2)">
      <node ref="P7" pin="4" pinfunction="Pin_4" pintype="passive"/>
    </net>
    <net code="21" name="/18(Tx1)">
      <node ref="P7" pin="5" pinfunction="Pin_5" pintype="passive"/>
    </net>
    <net code="22" name="/19(Rx1)">
      <node ref="P7" pin="6" pinfunction="Pin_6" pintype="passive"/>
    </net>
    <net code="23" name="/20(SDA)">
      <node ref="P7" pin="7" pinfunction="Pin_7" pintype="passive"/>
    </net>
    <net code="24" name="/21(SCL)">
      <node ref="P7" pin="8" pinfunction="Pin_8" pintype="passive"/>
    </net>
    <net code="25" name="/22">
      <node ref="P1" pin="33" pinfunction="Pin_33" pintype="passive"/>
    </net>
    <net code="26" name="/23">
      <node ref="P1" pin="34" pinfunction="Pin_34" pintype="passive"/>
    </net>
    <net code="27" name="/24">
      <node ref="P1" pin="31" pinfunction="Pin_31" pintype="passive"/>
    </net>
    <net code="28" name="/25">
      <node ref="P1" pin="32" pinfunction="Pin_32" pintype="passive"/>
    </net>
    <net code="29" name="/26">
      <node ref="P1" pin="29" pinfunction="Pin_29" pintype="passive"/>
    </net>
    <net code="30" name="/27">
      <node ref="P1" pin="30" pinfunction="Pin_30" pintype="passive"/>
    </net>
    <net code="31" name="/28">
      <node ref="P1" pin="27" pinfunction="Pin_27" pintype="passive"/>
    </net>
    <net code="32" name="/29">
      <node ref="P1" pin="28" pinfunction="Pin_28" pintype="passive"/>
    </net>
    <net code="33" name="/30">
      <node ref="P1" pin="25" pinfunction="Pin_25" pintype="passive"/>
    </net>
    <net code="34" name="/31">
      <node ref="P1" pin="26" pinfunction="Pin_26" pintype="passive"/>
    </net>
    <net code="35" name="/32">
      <node ref="P1" pin="23" pinfunction="Pin_23" pintype="passive"/>
    </net>
    <net code="36" name="/33">
      <node ref="P1" pin="24" pinfunction="Pin_24" pintype="passive"/>
    </net>
    <net code="37" name="/34">
      <node ref="P1" pin="21" pinfunction="Pin_21" pintype="passive"/>
    </net>
    <net code="38" name="/35">
      <node ref="P1" pin="22" pinfunction="Pin_22" pintype="passive"/>
    </net>
    <net code="39" name="/36">
      <node ref="P1" pin="19" pinfunction="Pin_19" pintype="passive"/>
    </net>
    <net code="40" name="/37">
      <node ref="P1" pin="20" pinfunction="Pin_20" pintype="passive"/>
    </net>
    <net code="41" name="/38">
      <node ref="P1" pin="17" pinfunction="Pin_17" pintype="passive"/>
    </net>
    <net code="42" name="/39">
      <node ref="P1" pin="18" pinfunction="Pin_18" pintype="passive"/>
    </net>
    <net code="43" name="/40">
      <node ref="P1" pin="15" pinfunction="Pin_15" pintype="passive"/>
    </net>
    <net code="44" name="/41">
      <node ref="P1" pin="16" pinfunction="Pin_16" pintype="passive"/>
    </net>
    <net code="45" name="/42">
      <node ref="P1" pin="13" pinfunction="Pin_13" pintype="passive"/>
    </net>
    <net code="46" name="/43">
      <node ref="P1" pin="14" pinfunction="Pin_14" pintype="passive"/>
    </net>
    <net code="47" name="/44">
      <node ref="P1" pin="11" pinfunction="Pin_11" pintype="passive"/>
    </net>
    <net code="48" name="/45">
      <node ref="P1" pin="12" pinfunction="Pin_12" pintype="passive"/>
    </net>
    <net code="49" name="/46">
      <node ref="P1" pin="9" pinfunction="Pin_9" pintype="passive"/>
    </net>
    <net code="50" name="/47">
      <node ref="P1" pin="10" pinfunction="Pin_10" pintype="passive"/>
    </net>
    <net code="51" name="/48">
      <node ref="P1" pin="7" pinfunction="Pin_7" pintype="passive"/>
    </net>
    <net code="52" name="/49">
      <node ref="P1" pin="8" pinfunction="Pin_8" pintype="passive"/>
    </net>
    <net code="53" name="/50(MISO)">
      <node ref="P1" pin="5" pinfunction="Pin_5" pintype="passive"/>
    </net>
    <net code="54" name="/51(MOSI)">
      <node ref="P1" pin="6" pinfunction="Pin_6" pintype="passive"/>
    </net>
    <net code="55" name="/52(SCK)">
      <node ref="P1" pin="3" pinfunction="Pin_3" pintype="passive"/>
    </net>
    <net code="56" name="/53(SS)">
      <node ref="P1" pin="4" pinfunction="Pin_4" pintype="passive"/>
    </net>
    <net code="57" name="/A0">
      <node ref="P3" pin="1" pinfunction="Pin_1" pintype="passive"/>
    </net>
    <net code="58" name="/A1">
      <node ref="P3" pin="2" pinfunction="Pin_2" pintype="passive"/>
    </net>
    <net code="59" name="/A2">
      <node ref="P3" pin="3" pinfunction="Pin_3" pintype="passive"/>
    </net>
    <net code="60" name="/A3">
      <node ref="P3" pin="4" pinfunction="Pin_4" pintype="passive"/>
    </net>
    <net code="61" name="/A4">
      <node ref="P3" pin="5" pinfunction="Pin_5" pintype="passive"/>
    </net>
    <net code="62" name="/A5">
      <node ref="P3" pin="6" pinfunction="Pin_6" pintype="passive"/>
    </net>
    <net code="63" name="/A6">
      <node ref="P3" pin="7" pinfunction="Pin_7" pintype="passive"/>
    </net>
    <net code="64" name="/A7">
      <node ref="P3" pin="8" pinfunction="Pin_8" pintype="passive"/>
    </net>
    <net code="65" name="/A8">
      <node ref="P4" pin="1" pinfunction="Pin_1" pintype="passive"/>
    </net>
    <net code="66" name="/A9">
      <node ref="P4" pin="2" pinfunction="Pin_2" pintype="passive"/>
    </net>
    <net code="67" name="/A10">
      <node ref="P4" pin="3" pinfunction="Pin_3" pintype="passive"/>
    </net>
    <net code="68" name="/A11">
      <node ref="P4" pin="4" pinfunction="Pin_4" pintype="passive"/>
    </net>
    <net code="69" name="/A12">
      <node ref="P4" pin="5" pinfunction="Pin_5" pintype="passive"/>
    </net>
    <net code="70" name="/A13">
      <node ref="P4" pin="6" pinfunction="Pin_6" pintype="passive"/>
    </net>
    <net code="71" name="/A14">
      <node ref="P4" pin="7" pinfunction="Pin_7" pintype="passive"/>
    </net>
    <net code="72" name="/A15">
      <node ref="P4" pin="8" pinfunction="Pin_8" pintype="passive"/>
    </net>
    <net code="73" name="/AREF">
      <node ref="P5" pin="3" pinfunction="Pin_3" pintype="passive"/>
    </net>
    <net code="74" name="/IOREF">
      <node ref="P2" pin="2" pinfunction="Pin_2" pintype="passive"/>
    </net>
    <net code="75" name="/Reset">
      <node ref="P2" pin="3" pinfunction="Pin_3" pintype="passive"/>
    </net>
    <net code="76" name="/SCL">
      <node ref="P5" pin="1" pinfunction="Pin_1" pintype="passive"/>
    </net>
    <net code="77" name="/SDA">
      <node ref="P5" pin="2" pinfunction="Pin_2" pintype="passive"/>
    </net>
    <net code="78" name="/Vin">
      <node ref="P2" pin="8" pinfunction="Pin_8" pintype="passive"/>
    </net>
    <net code="79" name="AD0">
      <node ref="J7" pin="1" pinfunction="Pin_1" pintype="passive"/>
      <node ref="J8" pin="1" pinfunction="Pin_1" pintype="passive"/>
      <node ref="P18" pin="1" pinfunction="Pin_1" pintype="passive"/>
    </net>
    <net code="80" name="AD1">
      <node ref="J7" pin="6" pinfunction="Pin_6" pintype="passive"/>
      <node ref="J8" pin="3" pinfunction="Pin_3" pintype="passive"/>
      <node ref="P19" pin="1" pinfunction="Pin_1" pintype="passive"/>
    </net>
    <net code="81" name="AD2">
      <node ref="J7" pin="7" pinfunction="Pin_7" pintype="passive"/>
      <node ref="J8" pin="4" pinfunction="Pin_4" pintype="passive"/>
      <node ref="P20" pin="1" pinfunction="Pin_1" pintype="passive"/>
    </net>
    <net code="82" name="AD3">
      <node ref="J7" pin="8" pinfunction="Pin_8" pintype="passive"/>
      <node ref="J8" pin="8" pinfunction="Pin_8" pintype="passive"/>
      <node ref="P21" pin="1" pinfunction="Pin_1" pintype="passive"/>
    </net>
    <net code="83" name="AD4">
      <node ref="J7" pin="9" pinfunction="Pin_9" pintype="passive"/>
      <node ref="J8" pin="9" pinfunction="Pin_9" pintype="passive"/>
      <node ref="P22" pin="1" pinfunction="Pin_1" pintype="passive"/>
    </net>
    <net code="84" name="AD5">
      <node ref="J7" pin="10" pinfunction="Pin_10" pintype="passive"/>
      <node ref="J8" pin="10" pinfunction="Pin_10" pintype="passive"/>
      <node ref="P23" pin="1" pinfunction="Pin_1" pintype="passive"/>
    </net>
    <net code="85" name="AD6">
      <node ref="J7" pin="11" pinfunction="Pin_11" pintype="passive"/>
      <node ref="J8" pin="11" pinfunction="Pin_11" pintype="passive"/>
      <node ref="P24" pin="1" pinfunction="Pin_1" pintype="passive"/>
    </net>
    <net code="86" name="AD7">
      <node ref="J7" pin="12" pinfunction="Pin_12" pintype="passive"/>
      <node ref="J8" pin="12" pinfunction="Pin_12" pintype="passive"/>
      <node ref="P25" pin="1" pinfunction="Pin_1" pintype="passive"/>
    </net>
    <net code="87" name="CLK+">
      <node ref="J6" pin="2" pinfunction="Pin_2" pintype="passive"/>
      <node ref="J9" pin="2" pinfunction="Pin_2" pintype="passive"/>
      <node ref="P15" pin="1" pinfunction="Pin_1" pintype="passive"/>
    </net>
    <net code="88" name="CLK-">
      <node ref="J6" pin="4" pinfunction="Pin_4" pintype="passive"/>
      <node ref="J9" pin="4" pinfunction="Pin_4" pintype="passive"/>
      <node ref="P14" pin="1" pinfunction="Pin_1" pintype="passive"/>
    </net>
    <net code="89" name="DELTASIGMA">
      <node ref="J2" pin="1" pinfunction="Pin_1" pintype="passive"/>
      <node ref="J2" pin="3" pinfunction="Pin_3" pintype="passive"/>
      <node ref="J6" pin="8" pinfunction="Pin_8" pintype="passive"/>
    </net>
    <net code="90" name="EAR">
      <node ref="J1" pin="1" pinfunction="Pin_1" pintype="passive"/>
      <node ref="J8" pin="2" pinfunction="Pin_2" pintype="passive"/>
    </net>
    <net code="91" name="EN01">
      <node ref="J6" pin="1" pinfunction="Pin_1" pintype="passive"/>
    </net>
    <net code="92" name="EN02">
      <node ref="J9" pin="1" pinfunction="Pin_1" pintype="passive"/>
    </net>
    <net code="93" name="GND">
      <node ref="J2" pin="2" pinfunction="Pin_2" pintype="passive"/>
      <node ref="J3" pin="5a" pinfunction="Pin_5a" pintype="passive"/>
      <node ref="J3" pin="5b" pinfunction="Pin_5b" pintype="passive"/>
      <node ref="J4" pin="1" pinfunction="Pin_1" pintype="passive"/>
      <node ref="J5" pin="4" pinfunction="Pin_4" pintype="passive"/>
      <node ref="J6" pin="14" pinfunction="Pin_14" pintype="passive"/>
      <node ref="J7" pin="14" pinfunction="Pin_14" pintype="passive"/>
      <node ref="J8" pin="14" pinfunction="Pin_14" pintype="passive"/>
      <node ref="J9" pin="14" pinfunction="Pin_14" pintype="passive"/>
      <node ref="P1" pin="1" pinfunction="Pin_1" pintype="passive"/>
      <node ref="P1" pin="2" pinfunction="Pin_2" pintype="passive"/>
      <node ref="P2" pin="6" pinfunction="Pin_6" pintype="passive"/>
      <node ref="P2" pin="7" pinfunction="Pin_7" pintype="passive"/>
      <node ref="P5" pin="4" pinfunction="Pin_4" pintype="passive"/>
    </net>
    <net code="94" name="I2C_CLK_SCL">
      <node ref="J7" pin="2" pinfunction="Pin_2" pintype="passive"/>
    </net>
    <net code="95" name="I2C_DATA_SDA">
      <node ref="J7" pin="5" pinfunction="Pin_5" pintype="passive"/>
    </net>
    <net code="96" name="Joy_DOWN">
      <node ref="J5" pin="6" pinfunction="Pin_6" pintype="passive"/>
      <node ref="J6" pin="10" pinfunction="Pin_10" pintype="passive"/>
    </net>
    <net code="97" name="Joy_FIRE01">
      <node ref="J1" pin="12" pinfunction="Pin_12" pintype="passive"/>
      <node ref="J6" pin="3" pinfunction="Pin_3" pintype="passive"/>
    </net>
    <net code="98" name="Joy_FIRE02">
      <node ref="J1" pin="13" pinfunction="Pin_13" pintype="passive"/>
      <node ref="J6" pin="5" pinfunction="Pin_5" pintype="passive"/>
    </net>
    <net code="99" name="Joy_LEFT">
      <node ref="J1" pin="8" pinfunction="Pin_8" pintype="passive"/>
      <node ref="J6" pin="6" pinfunction="Pin_6" pintype="passive"/>
    </net>
    <net code="100" name="Joy_RIGHT">
      <node ref="J1" pin="9" pinfunction="Pin_9" pintype="passive"/>
      <node ref="J6" pin="7" pinfunction="Pin_7" pintype="passive"/>
    </net>
    <net code="101" name="Joy_UP">
      <node ref="J1" pin="14" pinfunction="Pin_14" pintype="passive"/>
      <node ref="J6" pin="9" pinfunction="Pin_9" pintype="passive"/>
    </net>
    <net code="102" name="Key_CLK">
      <node ref="J5" pin="8" pinfunction="Pin_8" pintype="passive"/>
      <node ref="J9" pin="7" pinfunction="Pin_7" pintype="passive"/>
    </net>
    <net code="103" name="Key_DATA">
      <node ref="J5" pin="9" pinfunction="Pin_9" pintype="passive"/>
      <node ref="J9" pin="8" pinfunction="Pin_8" pintype="passive"/>
    </net>
    <net code="104" name="M_CLK">
      <node ref="J3" pin="4b" pinfunction="Pin_4b" pintype="passive"/>
      <node ref="J8" pin="6" pinfunction="Pin_6" pintype="passive"/>
    </net>
    <net code="105" name="M_DATA">
      <node ref="J3" pin="3b" pinfunction="Pin_3b" pintype="passive"/>
      <node ref="J8" pin="7" pinfunction="Pin_7" pintype="passive"/>
    </net>
    <net code="106" name="RESET">
      <node ref="J5" pin="5" pinfunction="Pin_5" pintype="passive"/>
    </net>
    <net code="107" name="SD_CLK">
      <node ref="J1" pin="3" pinfunction="Pin_3" pintype="passive"/>
      <node ref="J6" pin="11" pinfunction="Pin_11" pintype="passive"/>
    </net>
    <net code="108" name="SD_CS">
      <node ref="J1" pin="2" pinfunction="Pin_2" pintype="passive"/>
      <node ref="J7" pin="13" pinfunction="Pin_13" pintype="passive"/>
    </net>
    <net code="109" name="SD_MISO">
      <node ref="J1" pin="4" pinfunction="Pin_4" pintype="passive"/>
      <node ref="J6" pin="12" pinfunction="Pin_12" pintype="passive"/>
    </net>
    <net code="110" name="SD_MOSI">
      <node ref="J1" pin="5" pinfunction="Pin_5" pintype="passive"/>
      <node ref="J6" pin="13" pinfunction="Pin_13" pintype="passive"/>
    </net>
    <net code="111" name="SEL01">
      <node ref="J7" pin="3" pinfunction="Pin_3" pintype="passive"/>
      <node ref="J9" pin="3" pinfunction="Pin_3" pintype="passive"/>
      <node ref="P16" pin="1" pinfunction="Pin_1" pintype="passive"/>
    </net>
    <net code="112" name="SEL02">
      <node ref="J7" pin="4" pinfunction="Pin_4" pintype="passive"/>
      <node ref="J9" pin="5" pinfunction="Pin_5" pintype="passive"/>
      <node ref="P17" pin="1" pinfunction="Pin_1" pintype="passive"/>
    </net>
    <net code="113" name="TMDSC_N">
      <node ref="J1" pin="10" pinfunction="Pin_10" pintype="passive"/>
      <node ref="J8" pin="13" pinfunction="Pin_13" pintype="passive"/>
    </net>
    <net code="114" name="TMDSC_P">
      <node ref="J1" pin="11" pinfunction="Pin_11" pintype="passive"/>
      <node ref="J8" pin="5" pinfunction="Pin_5" pintype="passive"/>
    </net>
    <net code="115" name="TMDS_0_N">
      <node ref="J5" pin="7" pinfunction="Pin_7" pintype="passive"/>
      <node ref="J9" pin="6" pinfunction="Pin_6" pintype="passive"/>
    </net>
    <net code="116" name="TMDS_0_P">
      <node ref="J5" pin="12" pinfunction="Pin_12" pintype="passive"/>
      <node ref="J9" pin="11" pinfunction="Pin_11" pintype="passive"/>
    </net>
    <net code="117" name="TMDS_1_N">
      <node ref="J5" pin="11" pinfunction="Pin_11" pintype="passive"/>
      <node ref="J9" pin="10" pinfunction="Pin_10" pintype="passive"/>
    </net>
    <net code="118" name="TMDS_1_P">
      <node ref="J5" pin="10" pinfunction="Pin_10" pintype="passive"/>
      <node ref="J9" pin="9" pinfunction="Pin_9" pintype="passive"/>
    </net>
    <net code="119" name="TMDS_2_N">
      <node ref="J5" pin="13" pinfunction="Pin_13" pintype="passive"/>
      <node ref="J9" pin="12" pinfunction="Pin_12" pintype="passive"/>
    </net>
    <net code="120" name="TMDS_2_P">
      <node ref="J5" pin="14" pinfunction="Pin_14" pintype="passive"/>
      <node ref="J9" pin="13" pinfunction="Pin_13" pintype="passive"/>
    </net>
    <net code="121" name="VIN">
      <node ref="J5" pin="2" pinfunction="Pin_2" pintype="passive"/>
      <node ref="J6" pin="15" pinfunction="Pin_15" pintype="passive"/>
      <node ref="J8" pin="15" pinfunction="Pin_15" pintype="passive"/>
    </net>
    <net code="122" name="unconnected-(J1-Pad6)">
      <node ref="J1" pin="6" pinfunction="Pin_6" pintype="passive+no_connect"/>
    </net>
    <net code="123" name="unconnected-(J1-Pad7)">
      <node ref="J1" pin="7" pinfunction="Pin_7" pintype="passive+no_connect"/>
    </net>
    <net code="124" name="unconnected-(J3-Pad1a)">
      <node ref="J3" pin="1a" pinfunction="Pin_1a" pintype="passive"/>
    </net>
    <net code="125" name="unconnected-(J3-Pad1b)">
      <node ref="J3" pin="1b" pinfunction="Pin_1b" pintype="passive+no_connect"/>
    </net>
    <net code="126" name="unconnected-(J3-Pad2a)">
      <node ref="J3" pin="2a" pinfunction="Pin_2a" pintype="passive+no_connect"/>
    </net>
    <net code="127" name="unconnected-(J3-Pad2b)">
      <node ref="J3" pin="2b" pinfunction="Pin_2b" pintype="passive+no_connect"/>
    </net>
    <net code="128" name="unconnected-(J3-Pad3a)">
      <node ref="J3" pin="3a" pinfunction="Pin_3a" pintype="passive+no_connect"/>
    </net>
    <net code="129" name="unconnected-(J3-Pad4a)">
      <node ref="J3" pin="4a" pinfunction="Pin_4a" pintype="passive+no_connect"/>
    </net>
    <net code="130" name="unconnected-(J4-Pad2)">
      <node ref="J4" pin="2" pinfunction="Pin_2" pintype="passive+no_connect"/>
    </net>
    <net code="131" name="unconnected-(J4-Pad3)">
      <node ref="J4" pin="3" pinfunction="Pin_3" pintype="passive+no_connect"/>
    </net>
    <net code="132" name="unconnected-(J4-Pad4)">
      <node ref="J4" pin="4" pinfunction="Pin_4" pintype="passive+no_connect"/>
    </net>
    <net code="133" name="unconnected-(J4-Pad5)">
      <node ref="J4" pin="5" pinfunction="Pin_5" pintype="passive+no_connect"/>
    </net>
    <net code="134" name="unconnected-(J4-Pad6)">
      <node ref="J4" pin="6" pinfunction="Pin_6" pintype="passive+no_connect"/>
    </net>
    <net code="135" name="unconnected-(P2-Pad1)">
      <node ref="P2" pin="1" pinfunction="Pin_1" pintype="passive+no_connect"/>
    </net>
    <net code="136" name="unconnected-(P8-Pad1)">
      <node ref="P8" pin="1" pinfunction="Pin_1" pintype="passive+no_connect"/>
    </net>
    <net code="137" name="unconnected-(P9-Pad1)">
      <node ref="P9" pin="1" pinfunction="Pin_1" pintype="passive+no_connect"/>
    </net>
    <net code="138" name="unconnected-(P10-Pad1)">
      <node ref="P10" pin="1" pinfunction="Pin_1" pintype="passive+no_connect"/>
    </net>
    <net code="139" name="unconnected-(P11-Pad1)">
      <node ref="P11" pin="1" pinfunction="Pin_1" pintype="passive+no_connect"/>
    </net>
    <net code="140" name="unconnected-(P12-Pad1)">
      <node ref="P12" pin="1" pinfunction="Pin_1" pintype="passive+no_connect"/>
    </net>
    <net code="141" name="unconnected-(P13-Pad1)">
      <node ref="P13" pin="1" pinfunction="Pin_1" pintype="passive+no_connect"/>
    </net>
  </nets>
</export>
